{
  "aggregate": {
    "counters": {
      "vusers.created_by_name.Text Message - 32 Messages": 30,
      "vusers.created": 30,
      "websocket.messages_sent": 960,
      "vusers.failed": 0,
      "vusers.completed": 30
    },
    "histograms": {
      "vusers.session_length": {
        "mapping": {
          "relativeAccuracy": 0.009999999999999957,
          "_offset": 0,
          "gamma": 1.02020202020202,
          "_multiplier": 34.65620375188833,
          "minPossible": 1.135012422773875e-308,
          "maxPossible": 1.7620952510036562e+308
        },
        "store": {
          "chunkSize": 128,
          "bins": [
            0,
            0,
            0,
            0,
            0,
            0,
            0,
            0,
            0,
            0,
            0,
            0,
            0,
            0,
            0,
            0,
            0,
            0,
            0,
            0,
            0,
            0,
            0,
            0,
            0,
            0,
            0,
            0,
            0,
            0,
            0,
            0,
            0,
            0,
            0,
            0,
            0,
            0,
            0,
            0,
            0,
            0,
            0,
            0,
            0,
            0,
            0,
            0,
            0,
            0,
            0,
            0,
            0,
            0,
            0,
            0,
            0,
            0,
            1,
            0,
            1,
            0,
            3,
            3,
            2,
            1,
            1,
            0,
            0,
            1,
            4,
            3,
            2,
            0,
            1,
            2,
            2,
            1,
            2,
            0,
            0,
            0,
            0,
            0,
            0,
            0,
            0,
            0,
            0,
            0,
            0,
            0,
            0,
            0,
            0,
            0,
            0,
            0,
            0,
            0,
            0,
            0,
            0,
            0,
            0,
            0,
            0,
            0,
            0,
            0,
            0,
            0,
            0,
            0,
            0,
            0,
            0,
            0,
            0,
            0,
            0,
            0,
            0,
            0,
            0,
            0,
            0,
            0
          ],
          "count": 30,
          "minKey": 440,
          "maxKey": 567,
          "offset": 440
        },
        "negativeStore": {
          "chunkSize": 128,
          "bins": [],
          "count": 0,
          "minKey": null,
          "maxKey": null,
          "offset": 0
        },
        "zeroCount": 0,
        "count": 30,
        "min": 20833.486318,
        "max": 31506.524603,
        "sum": 787998.9876790001
      }
    },
    "rates": {
      "websocket.send_rate": 28
    },
    "websocket.send_rate": null,
    "firstCounterAt": 1650656033166,
    "firstHistogramAt": 1650656061584,
    "lastCounterAt": 1650656066670,
    "lastHistogramAt": 1650656066670,
    "firstMetricAt": 1650656033166,
    "lastMetricAt": 1650656066670,
    "period": 1650656060000,
    "summaries": {
      "vusers.session_length": {
        "min": 20833.5,
        "max": 31506.5,
        "count": 30,
        "p50": 26643.2,
        "median": 26643.2,
        "p75": 27730.6,
        "p90": 30040.3,
        "p95": 30647.1,
        "p99": 31266.3,
        "p999": 31266.3
      }
    }
  },
  "intermediate": [
    {
      "counters": {
        "vusers.created_by_name.Text Message - 32 Messages": 21,
        "vusers.created": 21,
        "websocket.messages_sent": 23
      },
      "histograms": {},
      "rates": {
        "websocket.send_rate": 5
      },
      "websocket.send_rate": null,
      "firstCounterAt": 1650656033166,
      "lastCounterAt": 1650656039942,
      "firstMetricAt": 1650656033166,
      "lastMetricAt": 1650656039942,
      "period": "1650656030000",
      "summaries": {}
    },
    {
      "counters": {
        "websocket.messages_sent": 221,
        "vusers.created_by_name.Text Message - 32 Messages": 9,
        "vusers.created": 9
      },
      "histograms": {},
      "rates": {
        "websocket.send_rate": 22
      },
      "websocket.send_rate": null,
      "firstCounterAt": 1650656040075,
      "lastCounterAt": 1650656049977,
      "firstMetricAt": 1650656040075,
      "lastMetricAt": 1650656049977,
      "period": "1650656040000",
      "summaries": {}
    },
    {
      "counters": {
        "websocket.messages_sent": 504
      },
      "histograms": {},
      "rates": {
        "websocket.send_rate": 51
      },
      "websocket.send_rate": null,
      "firstCounterAt": 1650656050002,
      "lastCounterAt": 1650656059975,
      "firstMetricAt": 1650656050002,
      "lastMetricAt": 1650656059975,
      "period": "1650656050000",
      "summaries": {}
    },
    {
      "counters": {
        "websocket.messages_sent": 212,
        "vusers.failed": 0,
        "vusers.completed": 30
      },
      "histograms": {
        "vusers.session_length": {
          "mapping": {
            "relativeAccuracy": 0.009999999999999957,
            "_offset": 0,
            "gamma": 1.02020202020202,
            "_multiplier": 34.65620375188833,
            "minPossible": 1.135012422773875e-308,
            "maxPossible": 1.7620952510036562e+308
          },
          "store": {
            "chunkSize": 128,
            "bins": [
              0,
              0,
              0,
              0,
              0,
              0,
              0,
              0,
              0,
              0,
              0,
              0,
              0,
              0,
              0,
              0,
              0,
              0,
              0,
              0,
              0,
              0,
              0,
              0,
              0,
              0,
              0,
              0,
              0,
              0,
              0,
              0,
              0,
              0,
              0,
              0,
              0,
              0,
              0,
              0,
              0,
              0,
              0,
              0,
              0,
              0,
              0,
              0,
              0,
              0,
              0,
              0,
              0,
              0,
              0,
              0,
              0,
              0,
              1,
              0,
              1,
              0,
              3,
              3,
              2,
              1,
              1,
              0,
              0,
              1,
              4,
              3,
              2,
              0,
              1,
              2,
              2,
              1,
              2,
              0,
              0,
              0,
              0,
              0,
              0,
              0,
              0,
              0,
              0,
              0,
              0,
              0,
              0,
              0,
              0,
              0,
              0,
              0,
              0,
              0,
              0,
              0,
              0,
              0,
              0,
              0,
              0,
              0,
              0,
              0,
              0,
              0,
              0,
              0,
              0,
              0,
              0,
              0,
              0,
              0,
              0,
              0,
              0,
              0,
              0,
              0,
              0,
              0
            ],
            "count": 30,
            "minKey": 440,
            "maxKey": 567,
            "offset": 440
          },